Model,AUROC,AUPRC,Accuracy,Sensitivity (Recall),Specificity,Precision (PPV),NPV,F1-Score,TN,FP,FN,TP
LSTM,0.9693738216513588,0.8660989319400325,0.9920285602503912,0.8629856850715747,0.9951901397865625,0.8146718146718147,0.9966382338183642,0.8381330685203575,19863,96,67,422
Random Forest,0.9429929515014983,0.3733073717042847,0.9647887323943662,0.5603271983640081,0.9746981311688963,0.35173299101412064,0.9890690934973817,0.43217665615141954,19454,505,215,274
